<?xml version="1.0" encoding="UTF-8"?>
<project-private xmlns="http://www.netbeans.org/ns/project-private/1">
    <editor-bookmarks xmlns="http://www.netbeans.org/ns/editor-bookmarks/2" lastBookmarkId="0"/>
    <open-files xmlns="http://www.netbeans.org/ns/projectui-open-files/2">
        <group>
            <file>file:/H:/NetBeansProjects/Assignment2/src/java/cs4280/HomeServlet.java</file>
            <file>file:/H:/NetBeansProjects/Assignment2/web/manager/schedule/modify.jsp</file>
            <file>file:/H:/NetBeansProjects/Assignment2/web/manager/schedule/retrieve.jsp</file>
            <file>file:/H:/NetBeansProjects/Assignment2/web/manager/schedule/delete.jsp</file>
            <file>file:/H:/NetBeansProjects/Assignment2/web/manager/index.jsp</file>
            <file>file:/H:/NetBeansProjects/Assignment2/web/manager/schedule/create.jsp</file>
        </group>
    </open-files>
</project-private>
